[
  {
    "query": "pre selling before build",
    "title": "Launch HN: Convictional (YC W19) – Supplier Network for Retailers",
    "url": "https://news.ycombinator.com/item?id=21575963",
    "points": 96,
    "created": "2019-11-19T17:57:56Z"
  },
  {
    "query": "willingness to pay startup",
    "title": "Launch HN: Parsagon (YC W21) – AI for public affairs and government relations",
    "url": "https://news.ycombinator.com/item?id=42319315",
    "points": 73,
    "created": "2024-12-04T16:50:06Z"
  },
  {
    "query": "startup idea validation",
    "title": "Show HN: Free startup ideas, analysis, validation and first steps",
    "url": "https://news.ycombinator.com/item?id=22386585",
    "points": 71,
    "created": "2020-02-21T20:51:12Z"
  },
  {
    "query": "startup idea validation",
    "title": "Show HN: I accidentally built a startup idea validation tool",
    "url": "https://validationly.com/",
    "points": 15,
    "created": "2025-08-12T20:29:23Z"
  },
  {
    "query": "mvp validation",
    "title": "Show HN: VoxConvo – \"X but it's only voice messages\"",
    "url": "https://voxconvo.com",
    "points": 10,
    "created": "2025-11-07T22:15:41Z"
  },
  {
    "query": "mvp validation",
    "title": "Ask HN: Recommendations for Freelance Agencies for MVP, Market Validation",
    "url": "https://news.ycombinator.com/item?id=26673956",
    "points": 4,
    "created": "2021-04-02T17:58:36Z"
  },
  {
    "query": "startup idea validation",
    "title": "Startup Idea validation on ML end-to-end application deployment",
    "url": "https://news.ycombinator.com/item?id=27337835",
    "points": 3,
    "created": "2021-05-30T23:06:02Z"
  },
  {
    "query": "pre selling before build",
    "title": "I'm pre-selling my SaaS before building it",
    "url": "https://buy.stripe.com/3cI3cx0JcaQ61xobZHc7u00",
    "points": 3,
    "created": "2025-11-05T01:55:57Z"
  },
  {
    "query": "mvp validation",
    "title": "Show HN: Mindfulness in MVP Validation and More in MindfulDevmag #5",
    "url": "https://mindfuldevmag.com/issues/issue-5-mindfulness-at-work/",
    "points": 3,
    "created": "2019-11-05T08:12:00Z"
  },
  {
    "query": "startup idea validation",
    "title": "Startup Service - Idea Validation to building product, A/B testing and Marketing",
    "url": "https://news.ycombinator.com/item?id=6228653",
    "points": 2,
    "created": "2013-08-17T09:52:43Z"
  },
  {
    "query": "startup idea validation",
    "title": "Show HN: I Built a Small Startup Idea Validation Platform",
    "url": "https://b4zero.vercel.app/",
    "points": 2,
    "created": "2025-11-25T02:22:31Z"
  },
  {
    "query": "customer discovery interview",
    "title": "Anyone willing to “trade” customer discovery interviews?",
    "url": "https://news.ycombinator.com/item?id=24634673",
    "points": 1,
    "created": "2020-09-30T00:36:07Z"
  }
]