{
  "reddit_queries": [
    "1인사업가, 1인기업가, 스타트업대표, 초기스타트업대표 validation",
    "1인사업가, 1인기업가, 스타트업대표, 초기스타트업대표 pain point",
    "1인사업가, 1인기업가, 스타트업대표, 초기스타트업대표 willing to pay",
    "내 아이디어가 시장에서 수요가 있을지 시장분석이 어렵다 validation",
    "내 아이디어가 시장에서 수요가 있을지 시장분석이 어렵다 pain point",
    "내 아이디어가 시장에서 수요가 있을지 시장분석이 어렵다 willing to pay",
    "지인에게 물어봐서 사용할래? 말래? 판단 validation",
    "지인에게 물어봐서 사용할래? 말래? 판단 pain point",
    "지인에게 물어봐서 사용할래? 말래? 판단 willing to pay",
    "시장조사 validation",
    "시장조사 pain point",
    "시장조사 willing to pay"
  ],
  "ddg_queries": [
    "1인사업가, 1인기업가, 스타트업대표, 초기스타트업대표 불편",
    "1인사업가, 1인기업가, 스타트업대표, 초기스타트업대표 문제점",
    "1인사업가, 1인기업가, 스타트업대표, 초기스타트업대표 후기",
    "1인사업가, 1인기업가, 스타트업대표, 초기스타트업대표 alternatives",
    "1인사업가, 1인기업가, 스타트업대표, 초기스타트업대표 workflow",
    "1인사업가, 1인기업가, 스타트업대표, 초기스타트업대표 template",
    "site:threads.net 1인사업가, 1인기업가, 스타트업대표, 초기스타트업대표",
    "site:reddit.com 1인사업가, 1인기업가, 스타트업대표, 초기스타트업대표",
    "내 아이디어가 시장에서 수요가 있을지 시장분석이 어렵다 불편",
    "내 아이디어가 시장에서 수요가 있을지 시장분석이 어렵다 문제점",
    "내 아이디어가 시장에서 수요가 있을지 시장분석이 어렵다 후기",
    "내 아이디어가 시장에서 수요가 있을지 시장분석이 어렵다 alternatives",
    "내 아이디어가 시장에서 수요가 있을지 시장분석이 어렵다 workflow",
    "내 아이디어가 시장에서 수요가 있을지 시장분석이 어렵다 template",
    "site:threads.net 내 아이디어가 시장에서 수요가 있을지 시장분석이 어렵다",
    "site:reddit.com 내 아이디어가 시장에서 수요가 있을지 시장분석이 어렵다",
    "지인에게 물어봐서 사용할래? 말래? 판단 불편",
    "지인에게 물어봐서 사용할래? 말래? 판단 문제점"
  ],
  "naver_queries": [
    "1인사업가, 1인기업가, 스타트업대표, 초기스타트업대표 매매일지",
    "1인사업가, 1인기업가, 스타트업대표, 초기스타트업대표 엑셀 노션",
    "1인사업가, 1인기업가, 스타트업대표, 초기스타트업대표 자동화",
    "1인사업가, 1인기업가, 스타트업대표, 초기스타트업대표 유료",
    "1인사업가, 1인기업가, 스타트업대표, 초기스타트업대표 가격",
    "1인사업가, 1인기업가, 스타트업대표, 초기스타트업대표 후기",
    "내 아이디어가 시장에서 수요가 있을지 시장분석이 어렵다 매매일지",
    "내 아이디어가 시장에서 수요가 있을지 시장분석이 어렵다 엑셀 노션",
    "내 아이디어가 시장에서 수요가 있을지 시장분석이 어렵다 자동화",
    "내 아이디어가 시장에서 수요가 있을지 시장분석이 어렵다 유료",
    "내 아이디어가 시장에서 수요가 있을지 시장분석이 어렵다 가격",
    "내 아이디어가 시장에서 수요가 있을지 시장분석이 어렵다 후기",
    "지인에게 물어봐서 사용할래? 말래? 판단 매매일지",
    "지인에게 물어봐서 사용할래? 말래? 판단 엑셀 노션",
    "지인에게 물어봐서 사용할래? 말래? 판단 자동화",
    "지인에게 물어봐서 사용할래? 말래? 판단 유료",
    "지인에게 물어봐서 사용할래? 말래? 판단 가격",
    "지인에게 물어봐서 사용할래? 말래? 판단 후기"
  ],
  "producthunt_queries": [
    "1인사업가, 1인기업가, 스타트업대표, 초기스타트업대표",
    "내 아이디어가 시장에서 수요가 있을지 시장분석이 어렵다",
    "지인에게 물어봐서 사용할래? 말래? 판단",
    "시장조사",
    "스타트업아이디어",
    "시장분석",
    "WTP"
  ],
  "subreddit_candidates": [
    "startups",
    "Entrepreneur",
    "SaaS",
    "nocode",
    "smallbusiness",
    "sideproject"
  ]
}