[
  {
    "id": "t3_1r9fbco",
    "parsedId": "1r9fbco",
    "url": "https://www.reddit.com/r/NotHowGirlsWork/comments/1r9fbco/guess_again_im_ugly_and_still_was_assaulted/",
    "username": "Minami_Ko",
    "userId": "t2_dp7j5p3qo",
    "title": "Guess again. I'm ugly and still was assaulted., several times",
    "communityName": "r/NotHowGirlsWork",
    "parsedCommunityName": "NotHowGirlsWork",
    "body": "Images:\n\thttps://preview.redd.it/ducbv7isejkg1.jpeg?auto=webp&amp;s=dcf07a7a4a2d53879e3fc21cb9be3e762b905d30\n",
    "html": "Images:\n\thttps://preview.redd.it/ducbv7isejkg1.jpeg?auto=webp&amp;s=dcf07a7a4a2d53879e3fc21cb9be3e762b905d30\n",
    "link": "https://i.redd.it/ducbv7isejkg1.jpeg",
    "numberOfComments": 5,
    "flair": "Found On Social media",
    "upVotes": 14,
    "upVoteRatio": 0.94,
    "isVideo": false,
    "isAd": false,
    "over18": false,
    "thumbnailUrl": "https://preview.redd.it/ducbv7isejkg1.jpeg?width=140&amp;height=66&amp;auto=webp&amp;s=345df167ce72ff31b2cd14db907193364d52a126",
    "imageUrls": [
      "https://i.redd.it/ducbv7isejkg1.jpeg"
    ],
    "createdAt": "2026-02-19T23:38:48.000Z",
    "scrapedAt": "2026-02-20T00:03:03.588Z",
    "dataType": "post"
  },
  {
    "id": "t1_o6byfyz",
    "parsedId": "o6byfyz",
    "url": "https://www.reddit.com/r/NotHowGirlsWork/comments/1r9fbco/guess_again_im_ugly_and_still_was_assaulted/o6byfyz/",
    "postId": "t3_1r9fbco",
    "parentId": "t3_1r9fbco",
    "username": "AutoModerator",
    "userId": "t2_6l4z3",
    "category": "NotHowGirlsWork",
    "communityName": "r/NotHowGirlsWork",
    "body": "As you're all aware, this subreddit has had a major \"troll\" \nproblem which has gotten worse (as of recently). Due to this, we \nhave created new rules, and modified some of the old ones.\n\nWe kindly ask that you please familiarize yourself with the \nrules so that you can avoid breaking them. Breaking mild rules \nwill result in a warning, or a temporary ban. Breaking serious \nrules, or breaking a plethora of mild ones may land you a \npermanent ban (depending on the severity). Also, \ngrifting/lurking has been a major problem; If we suspect you of \nbeing a grifter (determined by vetting said user's activity), we \nmay ban you without warning.\n\nYou may attempt an appeal via ModMail, but please be advised not \nto use rude, harassing, foul, or passive-aggressive language \ntowards the moderators, _or_ complain to moderators about why we \nhave specific rules in the first place— You will be ignored, and \nyour ban will remain (without even a consideration). \n\nAll rules are made public; \"Lack of knowledge\" or \"ignorance of \nthe rules\" cannot or will not be a viable excuse if you end up \nbanned for breaking them (This applies to the Subreddit rules, \nand Reddit's ToS). **Again: All rules are made public, and \nReddit gives you the option to review the rules once more before \nsubmitting a post, it is your choice if you choose to read them \nor not, but breaking them will not be acceptable.**\n\nWith that being said, If you send a mature, neutral message \nregarding questions about a current ban, or a ban appeal \n(without \"not knowing the rules\" as an excuse), we will \nelaborate about why you were banned, or determine/consider if we \nwill shorten, lift, keep it, _or_ extended it/make it permanent. \nThis all means that appeals are discretionary, and your \nreasoning for wanting an appeal must be practical and valid.\n\nThank you all so much for taking the time to read this message, \nand please enjoy your day!\n\n*I am a bot, and this action was performed automatically. Please [contact the moderators of this subreddit](/message/compose/?to=/r/NotHowGirlsWork) if you have any questions or concerns.*",
    "createdAt": "2026-02-19T23:38:49.000Z",
    "scrapedAt": "2026-02-20T00:03:03.649Z",
    "upVotes": 1,
    "numberOfreplies": 0,
    "html": "&lt;div class=\"md\"&gt;&lt;p&gt;As you&amp;#39;re all aware, this subreddit has had a major &amp;quot;troll&amp;quot; \nproblem which has gotten worse (as of recently). Due to this, we \nhave created new rules, and modified some of the old ones.&lt;/p&gt;\n\n&lt;p&gt;We kindly ask that you please familiarize yourself with the \nrules so that you can avoid breaking them. Breaking mild rules \nwill result in a warning, or a temporary ban. Breaking serious \nrules, or breaking a plethora of mild ones may land you a \npermanent ban (depending on the severity). Also, \ngrifting/lurking has been a major problem; If we suspect you of \nbeing a grifter (determined by vetting said user&amp;#39;s activity), we \nmay ban you without warning.&lt;/p&gt;\n\n&lt;p&gt;You may attempt an appeal via ModMail, but please be advised not \nto use rude, harassing, foul, or passive-aggressive language \ntowards the moderators, &lt;em&gt;or&lt;/em&gt; complain to moderators about why we \nhave specific rules in the first place— You will be ignored, and \nyour ban will remain (without even a consideration). &lt;/p&gt;\n\n&lt;p&gt;All rules are made public; &amp;quot;Lack of knowledge&amp;quot; or &amp;quot;ignorance of \nthe rules&amp;quot; cannot or will not be a viable excuse if you end up \nbanned for breaking them (This applies to the Subreddit rules, \nand Reddit&amp;#39;s ToS). &lt;strong&gt;Again: All rules are made public, and \nReddit gives you the option to review the rules once more before \nsubmitting a post, it is your choice if you choose to read them \nor not, but breaking them will not be acceptable.&lt;/strong&gt;&lt;/p&gt;\n\n&lt;p&gt;With that being said, If you send a mature, neutral message \nregarding questions about a current ban, or a ban appeal \n(without &amp;quot;not knowing the rules&amp;quot; as an excuse), we will \nelaborate about why you were banned, or determine/consider if we \nwill shorten, lift, keep it, &lt;em&gt;or&lt;/em&gt; extended it/make it permanent. \nThis all means that appeals are discretionary, and your \nreasoning for wanting an appeal must be practical and valid.&lt;/p&gt;\n\n&lt;p&gt;Thank you all so much for taking the time to read this message, \nand please enjoy your day!&lt;/p&gt;\n\n&lt;p&gt;&lt;em&gt;I am a bot, and this action was performed automatically. Please &lt;a href=\"/message/compose/?to=/r/NotHowGirlsWork\"&gt;contact the moderators of this subreddit&lt;/a&gt; if you have any questions or concerns.&lt;/em&gt;&lt;/p&gt;\n&lt;/div&gt;",
    "dataType": "comment"
  },
  {
    "id": "t1_o6byx6s",
    "parsedId": "o6byx6s",
    "url": "https://www.reddit.com/r/NotHowGirlsWork/comments/1r9fbco/guess_again_im_ugly_and_still_was_assaulted/o6byx6s/",
    "postId": "t3_1r9fbco",
    "parentId": "t3_1r9fbco",
    "username": "1Shadow179",
    "userId": "t2_ptbpl7k",
    "category": "NotHowGirlsWork",
    "communityName": "r/NotHowGirlsWork",
    "body": "[https://sbaproject.org/what-were-you-wearing/](https://sbaproject.org/what-were-you-wearing/)\n\nNote the amount of children's clothing.",
    "createdAt": "2026-02-19T23:41:41.000Z",
    "scrapedAt": "2026-02-20T00:03:03.649Z",
    "upVotes": 12,
    "numberOfreplies": 0,
    "html": "&lt;div class=\"md\"&gt;&lt;p&gt;&lt;a href=\"https://sbaproject.org/what-were-you-wearing/\"&gt;https://sbaproject.org/what-were-you-wearing/&lt;/a&gt;&lt;/p&gt;\n\n&lt;p&gt;Note the amount of children&amp;#39;s clothing.&lt;/p&gt;\n&lt;/div&gt;",
    "dataType": "comment"
  },
  {
    "id": "t1_o6bzehm",
    "parsedId": "o6bzehm",
    "url": "https://www.reddit.com/r/NotHowGirlsWork/comments/1r9fbco/guess_again_im_ugly_and_still_was_assaulted/o6bzehm/",
    "postId": "t3_1r9fbco",
    "parentId": "t3_1r9fbco",
    "username": "AltruisticCableCar",
    "userId": "t2_v6irodf0",
    "category": "NotHowGirlsWork",
    "communityName": "r/NotHowGirlsWork",
    "body": "I'm fat, and well, I wouldn't exactly view myself as attractive, and I've also been assaulted several times.",
    "createdAt": "2026-02-19T23:44:32.000Z",
    "scrapedAt": "2026-02-20T00:03:03.649Z",
    "upVotes": 9,
    "numberOfreplies": 0,
    "html": "&lt;div class=\"md\"&gt;&lt;p&gt;I&amp;#39;m fat, and well, I wouldn&amp;#39;t exactly view myself as attractive, and I&amp;#39;ve also been assaulted several times.&lt;/p&gt;\n&lt;/div&gt;",
    "dataType": "comment"
  },
  {
    "id": "t1_o6c2d2r",
    "parsedId": "o6c2d2r",
    "url": "https://www.reddit.com/r/NotHowGirlsWork/comments/1r9fbco/guess_again_im_ugly_and_still_was_assaulted/o6c2d2r/",
    "postId": "t3_1r9fbco",
    "parentId": "t3_1r9fbco",
    "username": "Latter_Tutor_5235",
    "userId": "t2_ddvt08em",
    "category": "NotHowGirlsWork",
    "communityName": "r/NotHowGirlsWork",
    "body": "I can't even follow this logic.\n\nIf it only ever happened to attractive women then wouldn't attractive women be the ones most concerned about it?",
    "createdAt": "2026-02-20T00:01:36.000Z",
    "scrapedAt": "2026-02-20T00:03:03.649Z",
    "upVotes": 1,
    "numberOfreplies": 0,
    "html": "&lt;div class=\"md\"&gt;&lt;p&gt;I can&amp;#39;t even follow this logic.&lt;/p&gt;\n\n&lt;p&gt;If it only ever happened to attractive women then wouldn&amp;#39;t attractive women be the ones most concerned about it?&lt;/p&gt;\n&lt;/div&gt;",
    "dataType": "comment"
  },
  {
    "id": "t3_1r9ff91",
    "parsedId": "1r9ff91",
    "url": "https://www.reddit.com/r/HustleGPT/comments/1r9ff91/get_claude_pro_1_yr_private_110_claude_max_20x/",
    "username": "Minimum_Relative_197",
    "userId": "t2_bbzubh8r",
    "title": "Get 🔥Claude Pro 1 Yr Private 110$, Claude Max 20x Shared 1M 40$ , Cursor Pro 1 Yr 110$, 🤖 N8n Starter 49$ 1 Yr, Replit 49$ 1 Yr, Yt Premium 30$ 1 Yr, ChecK for More Details And Proofs Of Customers Transactions In The Post Below",
    "communityName": "r/HustleGPT",
    "parsedCommunityName": "HustleGPT",
    "body": "\n💻 DEV / AUTOMATION / NO-CODE\n\nBuild your startup without burning your runway.\n\nReplit Core – $49 (1 Year)\n\nSupabase Pro – $70 (1 Year)\n\nMake.com Team – $79 (1 Year)\n\nn8n Starter – $49 (1 Year)\n\nDevin AI Core – $35 (1 Year)\n\nBubble.io ($500 Credits) – 3 Months\n\nBolt Pro – $37 (1 Year)\n\nFirecrawl AI (50k Credits) – 1 Year\n\nVapi ($200 Credits) – 1 Year\n\nDeepgram (1199 Credits) – 1 Year\n\nPromptDrive Business (50 Seats) – 1 Year\n\nGitLab Ultimate – 1 Year\n\nPostman Basic – 1 Year\n\nHostinger Cloud Startup – 1 Year\n\n🎨 DESIGN / VIDEO / CREATIVE\n\nTop-tier tools for designers and content creators.\n\nAdobe Creative Cloud Pro Plus – $49 (1 Year)\n\nFramer Pro – $40 (1 Year)\n\nWebflow Business – $40 (1 Year)\n\nWebflow Growth – $50 (Lifetime)\n\nDescript Creator – 1 Year\n\nRunway ML Unlimited – 1 Month\n\nRive.app Cadet – 1 Year\n\nMovavi Unlimited – 1 Year\n\nFlixier Pro – 1 Year\n\nSlidebean Starter – 1 Year\n\nWarp Pro – $39 (1 Year)\n\nMagic Patterns Hobby – $30 (1 Year)\n\n⚙️ PRODUCTIVITY &amp; BUSINESS\n\nRun your agency or team efficiently.\n\nNotion Business + AI – 3/6 Months\n\nLinear Business – $35 (1 Year)\n\nClickUp Business / Enterprise – $35 (1 Year)\n\nRaycast Pro – $30 (1 Year)\n\nSuperhuman Starter – $30 (1 Year)\n\nBitwarden Premium + Family – $25 (1 Year)\n\nOtter Pro – $55 (1 Year)\n\nFireflies Pro – $40 (1 Year)\n\nGranola Business – $39 (1 Year)\n\nWispr Flow Pro – $35 (1 Year)\n\nMermaid Chart Pro – (1 Year)\n\nBackblaze Cloud Unlimited – $35 (1 Year)\n\nGamma Pro – $54 (1 Year)\n\nChatPRD Pro – $50 (1 Year)\n\n📈 MARKETING &amp; GROWTH\n\nScale your reach with the best SEO and outreach tools.\n\nTypefully Agency – 1 Month\n\nPhantombuster Starter – 1 Month\n\nViral Launch Core/Growth – 1 Month\n\nKeyword Hero Ultimate – 6 Months\n\nGummySearch Pro – 1 Month\n\nNo Code MBA Unlimited – 1 Year\n\nEnginemailer (10k/Mo) – Lifetime\n\nOutbox AI Agency Plus – 1 Month\n\nRequestly Pro – 6 Months\n\n✍️ WRITING &amp; CONTENT AI\n\nJasper Pro – 1 Month\n\nQuillbot Premium – 1 Month\n\nLex Pro – 1 Month / 1 Year\n\nWordtune Unlimited – 1 Month\n\nJenni AI Unlimited – 1 Month\n\nWriter.com Starter – 1 Month\n\nPaperpal Prime – 1 Month\n\nHow To Buy 🚀- Dm Me Here\n\nProofs Of Transactions 🕵️‍♂️ :- https://drive.google.com/drive/folders/1yqNKfYgksZxWBlL0NwyzOp4tjfOPVyqB\n\n💎 WHY BUY FROM ME?\n\n✔️ Verified &amp; Legitimate Accounts\n\n⚡ Same-Day / Instant Setup\n\n📷 Real Proofs &amp; Client Feedback\n\n💸 Lowest Prices + Bundle Discounts\n\n🔐 Secure &amp; Trusted Transactions\n\n⸻\n\n💰 ACCEPTED PAYMENTS\n\nBinance Pay • Crypto • Wise\n\n⸻\n\n📬 MESSAGE NOW for Pricing, Combos &amp; Today’s Hot Deals\n\n🚀 Quick Delivery • Trusted Source • Maximum Value 🚀\n\n",
    "html": "&lt;!-- SC_OFF --&gt;&lt;div class=\"md\"&gt;&lt;p&gt;💻 DEV / AUTOMATION / NO-CODE&lt;/p&gt;\n\n&lt;p&gt;Build your startup without burning your runway.&lt;/p&gt;\n\n&lt;p&gt;Replit Core – $49 (1 Year)&lt;/p&gt;\n\n&lt;p&gt;Supabase Pro – $70 (1 Year)&lt;/p&gt;\n\n&lt;p&gt;Make.com Team – $79 (1 Year)&lt;/p&gt;\n\n&lt;p&gt;n8n Starter – $49 (1 Year)&lt;/p&gt;\n\n&lt;p&gt;Devin AI Core – $35 (1 Year)&lt;/p&gt;\n\n&lt;p&gt;Bubble.io ($500 Credits) – 3 Months&lt;/p&gt;\n\n&lt;p&gt;Bolt Pro – $37 (1 Year)&lt;/p&gt;\n\n&lt;p&gt;Firecrawl AI (50k Credits) – 1 Year&lt;/p&gt;\n\n&lt;p&gt;Vapi ($200 Credits) – 1 Year&lt;/p&gt;\n\n&lt;p&gt;Deepgram (1199 Credits) – 1 Year&lt;/p&gt;\n\n&lt;p&gt;PromptDrive Business (50 Seats) – 1 Year&lt;/p&gt;\n\n&lt;p&gt;GitLab Ultimate – 1 Year&lt;/p&gt;\n\n&lt;p&gt;Postman Basic – 1 Year&lt;/p&gt;\n\n&lt;p&gt;Hostinger Cloud Startup – 1 Year&lt;/p&gt;\n\n&lt;p&gt;🎨 DESIGN / VIDEO / CREATIVE&lt;/p&gt;\n\n&lt;p&gt;Top-tier tools for designers and content creators.&lt;/p&gt;\n\n&lt;p&gt;Adobe Creative Cloud Pro Plus – $49 (1 Year)&lt;/p&gt;\n\n&lt;p&gt;Framer Pro – $40 (1 Year)&lt;/p&gt;\n\n&lt;p&gt;Webflow Business – $40 (1 Year)&lt;/p&gt;\n\n&lt;p&gt;Webflow Growth – $50 (Lifetime)&lt;/p&gt;\n\n&lt;p&gt;Descript Creator – 1 Year&lt;/p&gt;\n\n&lt;p&gt;Runway ML Unlimited – 1 Month&lt;/p&gt;\n\n&lt;p&gt;Rive.app Cadet – 1 Year&lt;/p&gt;\n\n&lt;p&gt;Movavi Unlimited – 1 Year&lt;/p&gt;\n\n&lt;p&gt;Flixier Pro – 1 Year&lt;/p&gt;\n\n&lt;p&gt;Slidebean Starter – 1 Year&lt;/p&gt;\n\n&lt;p&gt;Warp Pro – $39 (1 Year)&lt;/p&gt;\n\n&lt;p&gt;Magic Patterns Hobby – $30 (1 Year)&lt;/p&gt;\n\n&lt;p&gt;⚙️ PRODUCTIVITY &amp;amp; BUSINESS&lt;/p&gt;\n\n&lt;p&gt;Run your agency or team efficiently.&lt;/p&gt;\n\n&lt;p&gt;Notion Business + AI – 3/6 Months&lt;/p&gt;\n\n&lt;p&gt;Linear Business – $35 (1 Year)&lt;/p&gt;\n\n&lt;p&gt;ClickUp Business / Enterprise – $35 (1 Year)&lt;/p&gt;\n\n&lt;p&gt;Raycast Pro – $30 (1 Year)&lt;/p&gt;\n\n&lt;p&gt;Superhuman Starter – $30 (1 Year)&lt;/p&gt;\n\n&lt;p&gt;Bitwarden Premium + Family – $25 (1 Year)&lt;/p&gt;\n\n&lt;p&gt;Otter Pro – $55 (1 Year)&lt;/p&gt;\n\n&lt;p&gt;Fireflies Pro – $40 (1 Year)&lt;/p&gt;\n\n&lt;p&gt;Granola Business – $39 (1 Year)&lt;/p&gt;\n\n&lt;p&gt;Wispr Flow Pro – $35 (1 Year)&lt;/p&gt;\n\n&lt;p&gt;Mermaid Chart Pro – (1 Year)&lt;/p&gt;\n\n&lt;p&gt;Backblaze Cloud Unlimited – $35 (1 Year)&lt;/p&gt;\n\n&lt;p&gt;Gamma Pro – $54 (1 Year)&lt;/p&gt;\n\n&lt;p&gt;ChatPRD Pro – $50 (1 Year)&lt;/p&gt;\n\n&lt;p&gt;📈 MARKETING &amp;amp; GROWTH&lt;/p&gt;\n\n&lt;p&gt;Scale your reach with the best SEO and outreach tools.&lt;/p&gt;\n\n&lt;p&gt;Typefully Agency – 1 Month&lt;/p&gt;\n\n&lt;p&gt;Phantombuster Starter – 1 Month&lt;/p&gt;\n\n&lt;p&gt;Viral Launch Core/Growth – 1 Month&lt;/p&gt;\n\n&lt;p&gt;Keyword Hero Ultimate – 6 Months&lt;/p&gt;\n\n&lt;p&gt;GummySearch Pro – 1 Month&lt;/p&gt;\n\n&lt;p&gt;No Code MBA Unlimited – 1 Year&lt;/p&gt;\n\n&lt;p&gt;Enginemailer (10k/Mo) – Lifetime&lt;/p&gt;\n\n&lt;p&gt;Outbox AI Agency Plus – 1 Month&lt;/p&gt;\n\n&lt;p&gt;Requestly Pro – 6 Months&lt;/p&gt;\n\n&lt;p&gt;✍️ WRITING &amp;amp; CONTENT AI&lt;/p&gt;\n\n&lt;p&gt;Jasper Pro – 1 Month&lt;/p&gt;\n\n&lt;p&gt;Quillbot Premium – 1 Month&lt;/p&gt;\n\n&lt;p&gt;Lex Pro – 1 Month / 1 Year&lt;/p&gt;\n\n&lt;p&gt;Wordtune Unlimited – 1 Month&lt;/p&gt;\n\n&lt;p&gt;Jenni AI Unlimited – 1 Month&lt;/p&gt;\n\n&lt;p&gt;Writer.com Starter – 1 Month&lt;/p&gt;\n\n&lt;p&gt;Paperpal Prime – 1 Month&lt;/p&gt;\n\n&lt;p&gt;How To Buy 🚀- Dm Me Here&lt;/p&gt;\n\n&lt;p&gt;Proofs Of Transactions 🕵️‍♂️ :- &lt;a href=\"https://drive.google.com/drive/folders/1yqNKfYgksZxWBlL0NwyzOp4tjfOPVyqB\"&gt;https://drive.google.com/drive/folders/1yqNKfYgksZxWBlL0NwyzOp4tjfOPVyqB&lt;/a&gt;&lt;/p&gt;\n\n&lt;p&gt;💎 WHY BUY FROM ME?&lt;/p&gt;\n\n&lt;p&gt;✔️ Verified &amp;amp; Legitimate Accounts&lt;/p&gt;\n\n&lt;p&gt;⚡ Same-Day / Instant Setup&lt;/p&gt;\n\n&lt;p&gt;📷 Real Proofs &amp;amp; Client Feedback&lt;/p&gt;\n\n&lt;p&gt;💸 Lowest Prices + Bundle Discounts&lt;/p&gt;\n\n&lt;p&gt;🔐 Secure &amp;amp; Trusted Transactions&lt;/p&gt;\n\n&lt;p&gt;⸻&lt;/p&gt;\n\n&lt;p&gt;💰 ACCEPTED PAYMENTS&lt;/p&gt;\n\n&lt;p&gt;Binance Pay • Crypto • Wise&lt;/p&gt;\n\n&lt;p&gt;⸻&lt;/p&gt;\n\n&lt;p&gt;📬 MESSAGE NOW for Pricing, Combos &amp;amp; Today’s Hot Deals&lt;/p&gt;\n\n&lt;p&gt;🚀 Quick Delivery • Trusted Source • Maximum Value 🚀&lt;/p&gt;\n&lt;/div&gt;&lt;!-- SC_ON --&gt;",
    "link": "https://www.reddit.com/r/HustleGPT/comments/1r9ff91/get_claude_pro_1_yr_private_110_claude_max_20x/",
    "numberOfComments": 0,
    "flair": null,
    "upVotes": 1,
    "upVoteRatio": 1,
    "isVideo": false,
    "isAd": false,
    "over18": false,
    "thumbnailUrl": "self",
    "imageUrls": [],
    "createdAt": "2026-02-19T23:43:30.000Z",
    "scrapedAt": "2026-02-20T00:03:08.317Z",
    "dataType": "post"
  },
  {
    "id": "t3_1r9dfaa",
    "parsedId": "1r9dfaa",
    "url": "https://www.reddit.com/r/MotorBuzz/comments/1r9dfaa/a_minor_parking_bump_now_costs_54000_to_fix_heres/",
    "username": "gaukmotors",
    "userId": "t2_15kec8",
    "title": "A Minor Parking Bump Now Costs $54,000 To Fix. Here's Why.",
    "communityName": "r/MotorBuzz",
    "parsedCommunityName": "MotorBuzz",
    "body": "# \n\nModern cars are designed to make simple repairs impossible. Sensors, cameras, and structural body panels mean a small dent triggers catastrophic bills. Germany's largest auto club just proved it with data.\n\n\n\nA Rivian R1S owner walked out to find her parked SUV had been hit. The damage looked manageable. A dented rear quarter panel. Wheel damage. Nothing catastrophic. The authorized repair quote came back at $53,736, according to reporting from [Carscoops](https://www.carscoops.com/2026/02/rivian-r1s-repair-bill/) and [NewsBreak](https://www.newsbreak.com/carscoops-332700078/4493482233913-this-rivian-r1s-parking-incident-triggered-a-54-000-repair-bill).\n\nThe R1S retails for approximately $100,000. The repair cost over half that. Labor alone accounted for $29,856. Insurance covered close to $40,000. The owner paid $14,000 out of pocket. For a parking lot incident.\n\nThis is not a Rivian problem. This is a modern automotive problem. Germany's ADAC, Europe's largest automobile association with over 21 million members, published research showing that steep repair cost increases stem directly from technology integration that makes simple fixes impossible.\n\nRemember when a small parking bump meant nothing? Those days ended. They're not coming back.\n\n# The Rivian Quarter Panel Nightmare\n\nThe R1S damage wasn't even the worst Rivian case. Previous incidents documented by [The Autopian](https://www.theautopian.com/heres-why-that-rivian-r1t-repair-cost-42000-after-just-a-minor-fender-bender/), [InsideEVs](https://insideevs.com/features/669752/rich-rebuilds-rivian-r1t-damage-repair-cost/), and owner forums show the pattern clearly.\n\n**$42,000 repair**: Chris Apfelstadt's R1T was rear ended at low speed in February 2023. No airbags deployed. The initial insurance estimate came in at $1,600. The final bill topped $42,000. Labor took two and a half months at a certified Rivian shop in Ohio.\n\n**$49,880 estimate**: An R1S owner received this quote for driver side rear quarter panel, tailgate shell, and rear bumper damage after a neighbor bumped the SUV during holidays. The shop was the first authorized Rivian facility in the Northeast.\n\n**$37,475 repair**: YouTuber Rich Benoit's R1T got rear ended. Damage appeared minor. The body shop charged nearly forty thousand dollars to fix it.\n\n**$21,000 estimate**: Another R1T owner got this quote for what was described as a relatively minor backup incident.\n\nThe common thread? Rear quarter panel damage. Rivian uses what it calls a unipanel construction. The entire side of the vehicle, from windshield to rear bumper, is a single piece of metal. No seams. No separate panels that bolt on.\n\nWhen that panel gets dented, you can't just replace the damaged section. The entire side must be removed, cut, and reassembled. In some cases, the panoramic glass roof comes off too. Interior gets stripped. The process requires specialized training, specific tools, and massive labor hours.\n\nR1T owners have it worse. The rear quarter panel stretches up and over the side windows, ending at the A-pillars. Repairing it requires even more disassembly than the R1S.\n\nSome owners found paintless dent removal specialists who fixed similar damage for a few thousand dollars rather than fifty. But insurance companies and authorized shops default to full panel replacement following manufacturer guidelines.\n\n# The German Data Says Everyone Has This Problem\n\nADAC tested repair costs across multiple vehicles and found the problem extends well beyond electric startups. According to [Carscoops](https://www.carscoops.com/2026/02/car-repair-costs-modern-tech/) reporting on the study, technology integration is the primary cost driver, not inflation or labor rates.\n\nHighly sensitive sensors and cameras embedded throughout modern vehicles make minor repairs expensive. Modular parts designed to never be serviced individually force complete assembly replacement.\n\nBMW 330e laser headlight units cost roughly €3,300 ($3,920) as spare parts. A routine front end repair easily hits €8,000 ($9,500) once you factor in replacing damaged laser units. BMW has since backed away from laser headlights, acknowledging the real world benefit doesn't justify repair costs.\n\nEven identical vehicles carry wildly different repair costs based on manufacturer pricing strategies. A Suzuki Swace, which is a rebadged Toyota Corolla wagon, has a windshield price over €500 ($590) higher than the Corolla despite using the exact same glass.\n\nMany manufacturers now forbid post repair painting in certain areas because it could allegedly affect sensor function. No touch up work. No localized repairs. Replace the entire part or void the warranty.\n\n# Why Modern Cars Cost More To Fix Than Old Ones\n\n**Integrated sensors everywhere**: Cameras, radar, lidar, and ultrasonic sensors monitor blind spots, enable adaptive cruise control, provide parking assistance, and feed driver assistance systems. They're mounted in bumpers, mirrors, grilles, and quarter panels. Damage to any body panel housing sensors requires recalibration after repair. Some sensors can't be recalibrated and must be replaced entirely.\n\n**Structural adhesives instead of bolts**: Modern unibody construction uses adhesives to bond panels together for weight reduction and crash protection. Once bonded, panels can't be removed cleanly. Repair requires cutting, sectioning, and rebonding with factory adhesives using specific procedures. Labor time multiplies compared to bolt on panels.\n\n**Active aerodynamics**: Grille shutters, active air dams, and deployable spoilers improve efficiency. They also add complexity. Damage to front or rear fascias now involves electronic actuators, motors, and control modules in addition to plastic bodywork.\n\n**Advanced driver assistance calibration**: After any front end collision or windshield replacement, ADAS systems require calibration using specialized equipment. Some dealerships charge $500 to $1,000 just for calibration after straightforward windshield replacement. Insurance often covers it, but deductibles apply.\n\n**Aluminum and high strength steel**: Weight reduction means aluminum hoods, doors, and body panels. High strength steel frames improve crash safety. Both materials require different welding techniques, specialized training, and specific repair procedures compared to traditional steel. Not every body shop has the equipment or certification to work on them properly.\n\n**Mega castings**: Tesla pioneered large single piece aluminum castings replacing dozens of stamped and welded parts. BYD, Toyota, and others followed. Mega castings reduce manufacturing costs and improve structural rigidity. They also make localized repairs impossible. Damage one section of a mega casting, replace the entire piece. No exceptions.\n\n**Battery integration**: EVs mount battery packs as structural components. Damage to the vehicle floor or rocker panels can affect the battery enclosure. Some insurance companies total EVs with relatively minor structural damage because evaluating battery safety after impact requires expensive testing and potential pack replacement.\n\n# ADAC Calls For Repairability Standards\n\nGermany's automobile association is pushing manufacturers to design cars with repairs in mind, per Carscoops reporting. The current trajectory makes vehicles economically unrepairable after minor incidents.\n\nInsurance premiums reflect the problem. UK comprehensive car insurance averaged £726 in early 2026 according to industry data, up from under £500 in 2022. American drivers saw similar increases. Insurers price policies based on projected repair costs. When average repairs cost thousands more than they did five years ago, premiums rise accordingly.\n\nSome insurers now total vehicles that could theoretically be repaired because repair costs exceed 70 to 80 percent of market value. A $100,000 R1S with $54,000 damage gets fixed. A $40,000 sedan with $32,000 damage gets totaled and sent to auction even though it's mechanically sound.\n\nThe environmental impact matters too. Totaling repairable vehicles generates waste and forces production of replacement vehicles. The embodied carbon in manufacturing a new car often exceeds the lifetime emissions saved through efficiency improvements over an older model.\n\nADAC wants standardized repairability ratings similar to crash test scores. Vehicles would be evaluated on parts availability, repair complexity, and cost to fix common damage types. Buyers could factor repairability into purchase decisions alongside safety, reliability, and fuel economy.\n\n# What Owners Can Do\n\n**Check insurance coverage carefully**: Ensure your policy covers actual repair costs, not just book value. Agreed value policies protect against depreciation. Replacement cost coverage pays for new parts rather than used or aftermarket alternatives.\n\n**Increase collision deductibles cautiously**: Higher deductibles reduce premiums but leave you exposed if repair costs explode. A $1,000 deductible saves money monthly until you need to pay it toward a $50,000 repair.\n\n**Research repair costs before buying**: Some vehicles cost dramatically more to fix than others in the same price range. A Ford F-150 Lightning uses traditional truck construction with bolt on bed and separate panels. Repairs cost less than Rivian or Cybertruck equivalent damage despite similar purchase prices.\n\n**Consider paintless dent removal**: For minor cosmetic damage without sensor involvement, PDR specialists can repair dents for hundreds rather than thousands. Multiple Rivian owners documented saving $40,000+ by using PDR instead of authorized body shops.\n\n**Document everything**: Take photos immediately after any incident. Get multiple repair estimates. Insurance adjusters sometimes lowball initial estimates then discover additional damage during teardown. Photographic evidence helps dispute unreasonable denials.\n\n**Understand total loss thresholds**: Know your state's total loss threshold percentage. If repair costs approach that percentage, insurers will total your vehicle. You can sometimes buy it back with a salvage title and repair it independently for less than the insurance settlement.\n\n# The Future Looks Expensive\n\nManufacturers show no signs of prioritizing repairability. Tesla's Cybertruck uses stainless steel panels that can't be painted and must be replaced entirely if damaged. Upcoming models from multiple brands feature even more integrated sensors, cameras, and structural batteries.\n\nRight to repair legislation might force some changes. Independent shops need access to diagnostic tools, repair procedures, and parts without going through manufacturer authorized networks. But right to repair focuses primarily on mechanical and electronic systems, not structural body design.\n\nThe ADAC study confirms what owners already knew: modern cars are designed for manufacturing efficiency and crash protection, not repair economy. A small parking lot incident that would have cost $500 to fix in 2010 now triggers $50,000 bills.\n\nRivian owners discovered this the hard way. So did anyone with aluminum body panels, mega castings, or integrated sensor arrays. The technology makes cars safer, more efficient, and more capable. It also makes them disposable once damaged.\n\nThe days of tiny parking bumps being no big deal? Gone. Now they're potentially catastrophic financial events waiting to happen every time you parallel park.\n\nWelcome to the future. Try not to dent it.",
    "html": "&lt;!-- SC_OFF --&gt;&lt;div class=\"md\"&gt;&lt;p&gt;Modern cars are designed to make simple repairs impossible. Sensors, cameras, and structural body panels mean a small dent triggers catastrophic bills. Germany&amp;#39;s largest auto club just proved it with data.&lt;/p&gt;\n\n&lt;p&gt;A Rivian R1S owner walked out to find her parked SUV had been hit. The damage looked manageable. A dented rear quarter panel. Wheel damage. Nothing catastrophic. The authorized repair quote came back at $53,736, according to reporting from &lt;a href=\"https://www.carscoops.com/2026/02/rivian-r1s-repair-bill/\"&gt;Carscoops&lt;/a&gt; and &lt;a href=\"https://www.newsbreak.com/carscoops-332700078/4493482233913-this-rivian-r1s-parking-incident-triggered-a-54-000-repair-bill\"&gt;NewsBreak&lt;/a&gt;.&lt;/p&gt;\n\n&lt;p&gt;The R1S retails for approximately $100,000. The repair cost over half that. Labor alone accounted for $29,856. Insurance covered close to $40,000. The owner paid $14,000 out of pocket. For a parking lot incident.&lt;/p&gt;\n\n&lt;p&gt;This is not a Rivian problem. This is a modern automotive problem. Germany&amp;#39;s ADAC, Europe&amp;#39;s largest automobile association with over 21 million members, published research showing that steep repair cost increases stem directly from technology integration that makes simple fixes impossible.&lt;/p&gt;\n\n&lt;p&gt;Remember when a small parking bump meant nothing? Those days ended. They&amp;#39;re not coming back.&lt;/p&gt;\n\n&lt;h1&gt;The Rivian Quarter Panel Nightmare&lt;/h1&gt;\n\n&lt;p&gt;The R1S damage wasn&amp;#39;t even the worst Rivian case. Previous incidents documented by &lt;a href=\"https://www.theautopian.com/heres-why-that-rivian-r1t-repair-cost-42000-after-just-a-minor-fender-bender/\"&gt;The Autopian&lt;/a&gt;, &lt;a href=\"https://insideevs.com/features/669752/rich-rebuilds-rivian-r1t-damage-repair-cost/\"&gt;InsideEVs&lt;/a&gt;, and owner forums show the pattern clearly.&lt;/p&gt;\n\n&lt;p&gt;&lt;strong&gt;$42,000 repair&lt;/strong&gt;: Chris Apfelstadt&amp;#39;s R1T was rear ended at low speed in February 2023. No airbags deployed. The initial insurance estimate came in at $1,600. The final bill topped $42,000. Labor took two and a half months at a certified Rivian shop in Ohio.&lt;/p&gt;\n\n&lt;p&gt;&lt;strong&gt;$49,880 estimate&lt;/strong&gt;: An R1S owner received this quote for driver side rear quarter panel, tailgate shell, and rear bumper damage after a neighbor bumped the SUV during holidays. The shop was the first authorized Rivian facility in the Northeast.&lt;/p&gt;\n\n&lt;p&gt;&lt;strong&gt;$37,475 repair&lt;/strong&gt;: YouTuber Rich Benoit&amp;#39;s R1T got rear ended. Damage appeared minor. The body shop charged nearly forty thousand dollars to fix it.&lt;/p&gt;\n\n&lt;p&gt;&lt;strong&gt;$21,000 estimate&lt;/strong&gt;: Another R1T owner got this quote for what was described as a relatively minor backup incident.&lt;/p&gt;\n\n&lt;p&gt;The common thread? Rear quarter panel damage. Rivian uses what it calls a unipanel construction. The entire side of the vehicle, from windshield to rear bumper, is a single piece of metal. No seams. No separate panels that bolt on.&lt;/p&gt;\n\n&lt;p&gt;When that panel gets dented, you can&amp;#39;t just replace the damaged section. The entire side must be removed, cut, and reassembled. In some cases, the panoramic glass roof comes off too. Interior gets stripped. The process requires specialized training, specific tools, and massive labor hours.&lt;/p&gt;\n\n&lt;p&gt;R1T owners have it worse. The rear quarter panel stretches up and over the side windows, ending at the A-pillars. Repairing it requires even more disassembly than the R1S.&lt;/p&gt;\n\n&lt;p&gt;Some owners found paintless dent removal specialists who fixed similar damage for a few thousand dollars rather than fifty. But insurance companies and authorized shops default to full panel replacement following manufacturer guidelines.&lt;/p&gt;\n\n&lt;h1&gt;The German Data Says Everyone Has This Problem&lt;/h1&gt;\n\n&lt;p&gt;ADAC tested repair costs across multiple vehicles and found the problem extends well beyond electric startups. According to &lt;a href=\"https://www.carscoops.com/2026/02/car-repair-costs-modern-tech/\"&gt;Carscoops&lt;/a&gt; reporting on the study, technology integration is the primary cost driver, not inflation or labor rates.&lt;/p&gt;\n\n&lt;p&gt;Highly sensitive sensors and cameras embedded throughout modern vehicles make minor repairs expensive. Modular parts designed to never be serviced individually force complete assembly replacement.&lt;/p&gt;\n\n&lt;p&gt;BMW 330e laser headlight units cost roughly €3,300 ($3,920) as spare parts. A routine front end repair easily hits €8,000 ($9,500) once you factor in replacing damaged laser units. BMW has since backed away from laser headlights, acknowledging the real world benefit doesn&amp;#39;t justify repair costs.&lt;/p&gt;\n\n&lt;p&gt;Even identical vehicles carry wildly different repair costs based on manufacturer pricing strategies. A Suzuki Swace, which is a rebadged Toyota Corolla wagon, has a windshield price over €500 ($590) higher than the Corolla despite using the exact same glass.&lt;/p&gt;\n\n&lt;p&gt;Many manufacturers now forbid post repair painting in certain areas because it could allegedly affect sensor function. No touch up work. No localized repairs. Replace the entire part or void the warranty.&lt;/p&gt;\n\n&lt;h1&gt;Why Modern Cars Cost More To Fix Than Old Ones&lt;/h1&gt;\n\n&lt;p&gt;&lt;strong&gt;Integrated sensors everywhere&lt;/strong&gt;: Cameras, radar, lidar, and ultrasonic sensors monitor blind spots, enable adaptive cruise control, provide parking assistance, and feed driver assistance systems. They&amp;#39;re mounted in bumpers, mirrors, grilles, and quarter panels. Damage to any body panel housing sensors requires recalibration after repair. Some sensors can&amp;#39;t be recalibrated and must be replaced entirely.&lt;/p&gt;\n\n&lt;p&gt;&lt;strong&gt;Structural adhesives instead of bolts&lt;/strong&gt;: Modern unibody construction uses adhesives to bond panels together for weight reduction and crash protection. Once bonded, panels can&amp;#39;t be removed cleanly. Repair requires cutting, sectioning, and rebonding with factory adhesives using specific procedures. Labor time multiplies compared to bolt on panels.&lt;/p&gt;\n\n&lt;p&gt;&lt;strong&gt;Active aerodynamics&lt;/strong&gt;: Grille shutters, active air dams, and deployable spoilers improve efficiency. They also add complexity. Damage to front or rear fascias now involves electronic actuators, motors, and control modules in addition to plastic bodywork.&lt;/p&gt;\n\n&lt;p&gt;&lt;strong&gt;Advanced driver assistance calibration&lt;/strong&gt;: After any front end collision or windshield replacement, ADAS systems require calibration using specialized equipment. Some dealerships charge $500 to $1,000 just for calibration after straightforward windshield replacement. Insurance often covers it, but deductibles apply.&lt;/p&gt;\n\n&lt;p&gt;&lt;strong&gt;Aluminum and high strength steel&lt;/strong&gt;: Weight reduction means aluminum hoods, doors, and body panels. High strength steel frames improve crash safety. Both materials require different welding techniques, specialized training, and specific repair procedures compared to traditional steel. Not every body shop has the equipment or certification to work on them properly.&lt;/p&gt;\n\n&lt;p&gt;&lt;strong&gt;Mega castings&lt;/strong&gt;: Tesla pioneered large single piece aluminum castings replacing dozens of stamped and welded parts. BYD, Toyota, and others followed. Mega castings reduce manufacturing costs and improve structural rigidity. They also make localized repairs impossible. Damage one section of a mega casting, replace the entire piece. No exceptions.&lt;/p&gt;\n\n&lt;p&gt;&lt;strong&gt;Battery integration&lt;/strong&gt;: EVs mount battery packs as structural components. Damage to the vehicle floor or rocker panels can affect the battery enclosure. Some insurance companies total EVs with relatively minor structural damage because evaluating battery safety after impact requires expensive testing and potential pack replacement.&lt;/p&gt;\n\n&lt;h1&gt;ADAC Calls For Repairability Standards&lt;/h1&gt;\n\n&lt;p&gt;Germany&amp;#39;s automobile association is pushing manufacturers to design cars with repairs in mind, per Carscoops reporting. The current trajectory makes vehicles economically unrepairable after minor incidents.&lt;/p&gt;\n\n&lt;p&gt;Insurance premiums reflect the problem. UK comprehensive car insurance averaged £726 in early 2026 according to industry data, up from under £500 in 2022. American drivers saw similar increases. Insurers price policies based on projected repair costs. When average repairs cost thousands more than they did five years ago, premiums rise accordingly.&lt;/p&gt;\n\n&lt;p&gt;Some insurers now total vehicles that could theoretically be repaired because repair costs exceed 70 to 80 percent of market value. A $100,000 R1S with $54,000 damage gets fixed. A $40,000 sedan with $32,000 damage gets totaled and sent to auction even though it&amp;#39;s mechanically sound.&lt;/p&gt;\n\n&lt;p&gt;The environmental impact matters too. Totaling repairable vehicles generates waste and forces production of replacement vehicles. The embodied carbon in manufacturing a new car often exceeds the lifetime emissions saved through efficiency improvements over an older model.&lt;/p&gt;\n\n&lt;p&gt;ADAC wants standardized repairability ratings similar to crash test scores. Vehicles would be evaluated on parts availability, repair complexity, and cost to fix common damage types. Buyers could factor repairability into purchase decisions alongside safety, reliability, and fuel economy.&lt;/p&gt;\n\n&lt;h1&gt;What Owners Can Do&lt;/h1&gt;\n\n&lt;p&gt;&lt;strong&gt;Check insurance coverage carefully&lt;/strong&gt;: Ensure your policy covers actual repair costs, not just book value. Agreed value policies protect against depreciation. Replacement cost coverage pays for new parts rather than used or aftermarket alternatives.&lt;/p&gt;\n\n&lt;p&gt;&lt;strong&gt;Increase collision deductibles cautiously&lt;/strong&gt;: Higher deductibles reduce premiums but leave you exposed if repair costs explode. A $1,000 deductible saves money monthly until you need to pay it toward a $50,000 repair.&lt;/p&gt;\n\n&lt;p&gt;&lt;strong&gt;Research repair costs before buying&lt;/strong&gt;: Some vehicles cost dramatically more to fix than others in the same price range. A Ford F-150 Lightning uses traditional truck construction with bolt on bed and separate panels. Repairs cost less than Rivian or Cybertruck equivalent damage despite similar purchase prices.&lt;/p&gt;\n\n&lt;p&gt;&lt;strong&gt;Consider paintless dent removal&lt;/strong&gt;: For minor cosmetic damage without sensor involvement, PDR specialists can repair dents for hundreds rather than thousands. Multiple Rivian owners documented saving $40,000+ by using PDR instead of authorized body shops.&lt;/p&gt;\n\n&lt;p&gt;&lt;strong&gt;Document everything&lt;/strong&gt;: Take photos immediately after any incident. Get multiple repair estimates. Insurance adjusters sometimes lowball initial estimates then discover additional damage during teardown. Photographic evidence helps dispute unreasonable denials.&lt;/p&gt;\n\n&lt;p&gt;&lt;strong&gt;Understand total loss thresholds&lt;/strong&gt;: Know your state&amp;#39;s total loss threshold percentage. If repair costs approach that percentage, insurers will total your vehicle. You can sometimes buy it back with a salvage title and repair it independently for less than the insurance settlement.&lt;/p&gt;\n\n&lt;h1&gt;The Future Looks Expensive&lt;/h1&gt;\n\n&lt;p&gt;Manufacturers show no signs of prioritizing repairability. Tesla&amp;#39;s Cybertruck uses stainless steel panels that can&amp;#39;t be painted and must be replaced entirely if damaged. Upcoming models from multiple brands feature even more integrated sensors, cameras, and structural batteries.&lt;/p&gt;\n\n&lt;p&gt;Right to repair legislation might force some changes. Independent shops need access to diagnostic tools, repair procedures, and parts without going through manufacturer authorized networks. But right to repair focuses primarily on mechanical and electronic systems, not structural body design.&lt;/p&gt;\n\n&lt;p&gt;The ADAC study confirms what owners already knew: modern cars are designed for manufacturing efficiency and crash protection, not repair economy. A small parking lot incident that would have cost $500 to fix in 2010 now triggers $50,000 bills.&lt;/p&gt;\n\n&lt;p&gt;Rivian owners discovered this the hard way. So did anyone with aluminum body panels, mega castings, or integrated sensor arrays. The technology makes cars safer, more efficient, and more capable. It also makes them disposable once damaged.&lt;/p&gt;\n\n&lt;p&gt;The days of tiny parking bumps being no big deal? Gone. Now they&amp;#39;re potentially catastrophic financial events waiting to happen every time you parallel park.&lt;/p&gt;\n\n&lt;p&gt;Welcome to the future. Try not to dent it.&lt;/p&gt;\n&lt;/div&gt;&lt;!-- SC_ON --&gt;",
    "link": "https://i.redd.it/ab20l3171jkg1.jpeg",
    "numberOfComments": 19,
    "flair": null,
    "upVotes": 13,
    "upVoteRatio": 0.66,
    "isVideo": false,
    "isAd": false,
    "over18": false,
    "thumbnailUrl": "https://preview.redd.it/ab20l3171jkg1.jpeg?width=140&amp;height=78&amp;auto=webp&amp;s=ae46733e5d8ce2914855549a97e709be82c1f427",
    "imageUrls": [
      "https://i.redd.it/ab20l3171jkg1.jpeg"
    ],
    "createdAt": "2026-02-19T22:22:51.000Z",
    "scrapedAt": "2026-02-20T00:03:08.415Z",
    "dataType": "post"
  },
  {
    "id": "t1_o6bupr0",
    "parsedId": "o6bupr0",
    "url": "https://www.reddit.com/r/MotorBuzz/comments/1r9dfaa/a_minor_parking_bump_now_costs_54000_to_fix_heres/o6bupr0/",
    "postId": "t3_1r9dfaa",
    "parentId": "t3_1r9dfaa",
    "username": "Uhavetabekiddingme",
    "userId": "t2_vhvtym2u",
    "category": "MotorBuzz",
    "communityName": "r/MotorBuzz",
    "body": "If I get a $50,000 estimate for a fender bender I'm definitely pocketing that money and leaving the damage there.",
    "createdAt": "2026-02-19T23:16:53.000Z",
    "scrapedAt": "2026-02-20T00:03:08.469Z",
    "upVotes": 20,
    "numberOfreplies": 2,
    "html": "&lt;div class=\"md\"&gt;&lt;p&gt;If I get a $50,000 estimate for a fender bender I&amp;#39;m definitely pocketing that money and leaving the damage there.&lt;/p&gt;\n&lt;/div&gt;",
    "dataType": "comment"
  },
  {
    "id": "t1_o6bzejc",
    "parsedId": "o6bzejc",
    "url": "https://www.reddit.com/r/MotorBuzz/comments/1r9dfaa/a_minor_parking_bump_now_costs_54000_to_fix_heres/o6bzejc/",
    "postId": "t3_1r9dfaa",
    "parentId": "t1_o6bupr0",
    "username": "_your_land_lord_",
    "userId": "t2_9ceef",
    "category": "MotorBuzz",
    "communityName": "r/MotorBuzz",
    "body": "RIGHT? I learned about cash in lieu of repair too late in life. It's ok to have a scar.\n\n",
    "createdAt": "2026-02-19T23:44:33.000Z",
    "scrapedAt": "2026-02-20T00:03:08.469Z",
    "upVotes": 4,
    "numberOfreplies": 0,
    "html": "&lt;div class=\"md\"&gt;&lt;p&gt;RIGHT? I learned about cash in lieu of repair too late in life. It&amp;#39;s ok to have a scar.&lt;/p&gt;\n&lt;/div&gt;",
    "dataType": "comment"
  },
  {
    "id": "t1_o6c1tls",
    "parsedId": "o6c1tls",
    "url": "https://www.reddit.com/r/MotorBuzz/comments/1r9dfaa/a_minor_parking_bump_now_costs_54000_to_fix_heres/o6c1tls/",
    "postId": "t3_1r9dfaa",
    "parentId": "t1_o6bupr0",
    "username": "UC_DiscExchange",
    "userId": "t2_ozme4hi8",
    "category": "MotorBuzz",
    "communityName": "r/MotorBuzz",
    "body": "Wouldn't they just total the car rather than offer you that much money?",
    "createdAt": "2026-02-19T23:58:30.000Z",
    "scrapedAt": "2026-02-20T00:03:08.469Z",
    "upVotes": 1,
    "numberOfreplies": 0,
    "html": "&lt;div class=\"md\"&gt;&lt;p&gt;Wouldn&amp;#39;t they just total the car rather than offer you that much money?&lt;/p&gt;\n&lt;/div&gt;",
    "dataType": "comment"
  }
]