{
  "reddit_queries": [
    "1인사업가, 1인기업가, 스타트업대표, 초기스타트업대표 validation",
    "1인사업가, 1인기업가, 스타트업대표, 초기스타트업대표 pain point",
    "1인사업가, 1인기업가, 스타트업대표, 초기스타트업대표 willing to pay",
    "내 아이디어가 시장에서 수요가 있을지 시장분석이 어렵다 validation",
    "내 아이디어가 시장에서 수요가 있을지 시장분석이 어렵다 pain point",
    "내 아이디어가 시장에서 수요가 있을지 시장분석이 어렵다 willing to pay",
    "지인에게 물어봐서 사용할래? 말래? 판단 validation",
    "지인에게 물어봐서 사용할래? 말래? 판단 pain point",
    "지인에게 물어봐서 사용할래? 말래? 판단 willing to pay",
    "시장조사 validation",
    "시장조사 pain point",
    "시장조사 willing to pay"
  ],
  "ddg_queries": [
    "1인사업가, 1인기업가, 스타트업대표, 초기스타트업대표 불편",
    "1인사업가, 1인기업가, 스타트업대표, 초기스타트업대표 문제점",
    "1인사업가, 1인기업가, 스타트업대표, 초기스타트업대표 후기",
    "1인사업가, 1인기업가, 스타트업대표, 초기스타트업대표 alternatives",
    "1인사업가, 1인기업가, 스타트업대표, 초기스타트업대표 workflow",
    "1인사업가, 1인기업가, 스타트업대표, 초기스타트업대표 template",
    "site:threads.net 1인사업가, 1인기업가, 스타트업대표, 초기스타트업대표",
    "site:reddit.com 1인사업가, 1인기업가, 스타트업대표, 초기스타트업대표",
    "내 아이디어가 시장에서 수요가 있을지 시장분석이 어렵다 불편",
    "내 아이디어가 시장에서 수요가 있을지 시장분석이 어렵다 문제점",
    "내 아이디어가 시장에서 수요가 있을지 시장분석이 어렵다 후기",
    "내 아이디어가 시장에서 수요가 있을지 시장분석이 어렵다 alternatives",
    "내 아이디어가 시장에서 수요가 있을지 시장분석이 어렵다 workflow",
    "내 아이디어가 시장에서 수요가 있을지 시장분석이 어렵다 template",
    "site:threads.net 내 아이디어가 시장에서 수요가 있을지 시장분석이 어렵다",
    "site:reddit.com 내 아이디어가 시장에서 수요가 있을지 시장분석이 어렵다",
    "지인에게 물어봐서 사용할래? 말래? 판단 불편",
    "지인에게 물어봐서 사용할래? 말래? 판단 문제점"
  ],
  "naver_queries": [
    "1인사업가, 1인기업가, 스타트업대표, 초기스타트업대표 시장조사",
    "1인사업가, 1인기업가, 스타트업대표, 초기스타트업대표 시장성 검증",
    "1인사업가, 1인기업가, 스타트업대표, 초기스타트업대표 고객 인터뷰",
    "1인사업가, 1인기업가, 스타트업대표, 초기스타트업대표 유료 베타",
    "1인사업가, 1인기업가, 스타트업대표, 초기스타트업대표 가격 실험",
    "1인사업가, 1인기업가, 스타트업대표, 초기스타트업대표 창업 후기",
    "내 아이디어가 시장에서 수요가 있을지 시장분석이 어렵다 시장조사",
    "내 아이디어가 시장에서 수요가 있을지 시장분석이 어렵다 시장성 검증",
    "내 아이디어가 시장에서 수요가 있을지 시장분석이 어렵다 고객 인터뷰",
    "내 아이디어가 시장에서 수요가 있을지 시장분석이 어렵다 유료 베타",
    "내 아이디어가 시장에서 수요가 있을지 시장분석이 어렵다 가격 실험",
    "내 아이디어가 시장에서 수요가 있을지 시장분석이 어렵다 창업 후기",
    "지인에게 물어봐서 사용할래? 말래? 판단 시장조사",
    "지인에게 물어봐서 사용할래? 말래? 판단 시장성 검증",
    "지인에게 물어봐서 사용할래? 말래? 판단 고객 인터뷰",
    "지인에게 물어봐서 사용할래? 말래? 판단 유료 베타",
    "지인에게 물어봐서 사용할래? 말래? 판단 가격 실험",
    "지인에게 물어봐서 사용할래? 말래? 판단 창업 후기"
  ],
  "producthunt_queries": [
    "1인사업가, 1인기업가, 스타트업대표, 초기스타트업대표",
    "내 아이디어가 시장에서 수요가 있을지 시장분석이 어렵다",
    "지인에게 물어봐서 사용할래? 말래? 판단",
    "시장조사",
    "스타트업아이디어",
    "시장분석",
    "WTP"
  ],
  "subreddit_candidates": [
    "startups",
    "Entrepreneur",
    "SaaS",
    "nocode",
    "smallbusiness",
    "sideproject"
  ]
}