{
  "target": "1인사업가, 1인기업가, 스타트업대표, 초기스타트업대표",
  "problem": "내 아이디어가 시장에서 수요가 있을지 시장분석이 어렵다",
  "current_alternative": "지인에게 물어봐서 사용할래? 말래? 판단",
  "promised_outcome": "시장 수요와 WTP 신호 기반 의사결정 지원",
  "market_lang": "KR",
  "keywords": [
    "시장조사",
    "스타트업아이디어",
    "시장분석",
    "WTP"
  ],
  "thread_links": [],
  "reddit_links": []
}